{"phones": ["a", "a1", "a2", "a3", "a4", "a5", "aac1", "aac5", "aam", "aam1", "aam2", "aam3", "aam4", "aam5", "aan", "aan1", "aan2", "aan3", "aan4", "aan5", "aang", "aang1", "aang2", "aang3", "aang4", "aang5", "aap1", "aap5", "aat1", "aat5", "aau", "aau1", "aau2", "aau3", "aau4", "aau5", "aay", "aay1", "aay2", "aay3", "aay4", "aay5", "ac1", "ac5", "ach1", "ach5", "ai", "ai1", "ai2", "ai3", "ai4", "ai5", "am", "am1", "am2", "am3", "am4", "am5", "an", "an1", "an2", "an3", "an4", "an5", "ang", "ang1", "ang2", "ang3", "ang4", "ang5", "anh", "anh1", "anh2", "anh3", "anh4", "anh5", "ao", "ao1", "ao2", "ao3", "ao4", "ao5", "ap1", "ap5", "at1", "at5", "au", "au1", "au2", "au3", "au5", "awc1", "awc5", "awm", "awm1", "awm2", "awm3", "awm4", "awm5", "awn", "awn1", "awn2", "awn3", "awn4", "awn5", "awng", "awng1", "awng2", "awng3", "awng4", "awng5", "awp1", "awp5", "awt1", "awt5", "ay", "ay1", "ay2", "ay3", "ay4", "ay5", "b", "c", "ch", "d", "dd", "e", "e1", "e2", "e3", "e4", "e5", "ec1", "ec5", "ee", "ee1", "ee2", "ee3", "ee4", "ee5", "eec1", "eech1", "eech5", "eem", "eem1", "eem2", "eem4", "eem5", "een", "een1", "een2", "een3", "een5", "eeng", "eeng1", "eeng2", "eenh", "eenh1", "eenh2", "eenh3", "eenh4", "eenh5", "eep1", "eep5", "eet1", "eet5", "eeu", "eeu1", "eeu2", "eeu3", "eeu4", "eeu5", "em", "em1", "em2", "em3", "em4", "em5", "en", "en1", "en2", "en3", "en4", "en5", "eng", "eng1", "eng2", "eng3", "eo", "eo1", "eo2", "eo3", "eo4", "eo5", "ep1", "ep5", "et1", "et5", "g", "gh", "gi", "h", "i", "i1", "i2", "i3", "i4", "i5", "ia", "ia1", "ia2", "ia3", "ia4", "ia5", "ich1", "ich5", "ieec1", "ieec5", "ieem", "ieem1", "ieem2", "ieem3", "ieem4", "ieem5", "ieen", "ieen1", "ieen2", "ieen3", "ieen4", "ieen5", "ieeng", "ieeng1", "ieeng2", "ieeng3", "ieeng4", "ieeng5", "ieep1", "ieep5", "ieet1", "ieet5", "ieeu", "ieeu1", "ieeu2", "ieeu3", "ieeu4", "ieeu5", "im", "im1", "im2", "im3", "im4", "im5", "in", "in1", "in2", "in3", "in4", "in5", "inh", "inh1", "inh2", "inh3", "inh4", "inh5", "ip1", "ip5", "it1", "it5", "iu", "iu1", "iu2", "iu3", "iu4", "iu5", "k", "kh", "l", "m", "n", "ng", "ngh", "nh", "o", "o0", "o01", "o02", "o03", "o04", "o05", "o0c1", "o0c5", "o0i", "o0i1", "o0i2", "o0i3", "o0i4", "o0i5", "o0m", "o0m1", "o0m2", "o0m3", "o0m4", "o0m5", "o0n", "o0n1", "o0n2", "o0n3", "o0n4", "o0n5", "o0ng", "o0ng1", "o0ng2", "o0ng3", "o0ng4", "o0ng5", "o0p1", "o0p5", "o0t1", "o0t5", "o1", "o2", "o3", "o4", "o5", "oa", "oa1", "oa2", "oa3", "oa4", "oa5", "oac1", "oac5", "oach1", "oach5", "oai", "oai1", "oai2", "oai3", "oai4", "oai5", "oam2", "oam5", "oan", "oan1", "oan2", "oan3", "oan4", "oan5", "oang", "oang1", "oang2", "oang3", "oang4", "oang5", "oanh", "oanh1", "oanh2", "oanh3", "oanh5", "oao", "oao1", "oap1", "oap5", "oat1", "oat5", "oawc1", "oawc5", "oawm", "oawm1", "oawm2", "oawn", "oawn1", "oawn2", "oawn3", "oawng", "oawng1", "oawng2", "oawng3", "oawng4", "oawp5", "oawt1", "oawt5", "oay", "oay1", "oay3", "oay5", "oc1", "oc5", "oe", "oe1", "oe2", "oe3", "oe4", "oe5", "oen", "oen2", "oen3", "oeo", "oeo1", "oeo2", "oeo3", "oeo5", "oet1", "oet5", "oi", "oi1", "oi2", "oi3", "oi4", "oi5", "om", "om1", "om2", "om3", "om4", "om5", "on", "on1", "on2", "on3", "on4", "on5", "ong", "ong1", "ong2", "ong3", "ong4", "ong5", "ooc1", "oong", "oong1", "oong2", "op1", "op5", "ot1", "ot5", "ow", "ow1", "ow2", "ow3", "ow4", "ow5", "owi", "owi1", "owi2", "owi3", "owi4", "owi5", "owm", "owm1", "owm2", "owm3", "owm4", "owm5", "own", "own1", "own2", "own3", "own4", "own5", "owp1", "owp5", "owt1", "owt5", "p", "ph", "qu", "r", "s", "sp", "t", "th", "tr", "u", "u1", "u2", "u3", "u4", "u5", "ua", "ua1", "ua2", "ua3", "ua4", "ua5", "uaan", "uaan1", "uaan2", "uaan3", "uaan4", "uaan5", "uaang", "uaat1", "uaat5", "uaay", "uaay1", "uaay2", "uaay3", "uaay5", "uc1", "uc5", "uee", "uee1", "uee2", "uee3", "uee5", "ueech1", "ueech5", "ueenh", "ueenh1", "ueenh2", "ueenh3", "ueenh5", "ui", "ui1", "ui2", "ui3", "ui4", "ui5", "um", "um1", "um2", "um3", "um4", "um5", "un", "un1", "un2", "un3", "un4", "un5", "ung", "ung1", "ung2", "ung3", "ung4", "ung5", "uo0c1", "uo0c5", "uo0i", "uo0i1", "uo0i2", "uo0i3", "uo0i4", "uo0i5", "uo0m", "uo0m1", "uo0m2", "uo0m4", "uo0m5", "uo0n", "uo0n1", "uo0n2", "uo0n4", "uo0n5", "uo0ng", "uo0ng1", "uo0ng2", "uo0ng3", "uo0ng4", "uo0ng5", "uo0t1", "uo0t5", "uow", "uow3", "uowc1", "uowng1", "up1", "up5", "ut1", "ut5", "uw", "uw1", "uw2", "uw3", "uw4", "uw5", "uwa", "uwa1", "uwa2", "uwa3", "uwa4", "uwa5", "uwc1", "uwc5", "uwi3", "uwm2", "uwn", "uwn2", "uwng", "uwng1", "uwng2", "uwng3", "uwng4", "uwng5", "uwowc1", "uwowc5", "uwowi", "uwowi1", "uwowi2", "uwowi3", "uwowi4", "uwowi5", "uwowm", "uwowm1", "uwowm2", "uwowm5", "uwown", "uwown1", "uwown2", "uwown4", "uwown5", "uwowng", "uwowng1", "uwowng2", "uwowng3", "uwowng4", "uwowng5", "uwowp1", "uwowp5", "uwowt1", "uwowt5", "uwowu", "uwowu1", "uwowu2", "uwowu4", "uwowu5", "uwt1", "uwt5", "uwu", "uwu1", "uwu2", "uwu3", "uwu4", "uwu5", "uy", "uy1", "uy2", "uy3", "uy4", "uy5", "uya", "uych1", "uych5", "uyeen", "uyeen1", "uyeen2", "uyeen3", "uyeen4", "uyeen5", "uyeet1", "uyeet5", "uyn", "uynh", "uynh1", "uynh2", "uynh3", "uyp1", "uyt1", "uyt5", "uyu3", "uyu5", "v", "x", "y", "y1", "y2", "y3", "y4", "y5", "ych1", "yeem", "yeem1", "yeem3", "yeen", "yeen1", "yeen2", "yeen3", "yeen5", "yeeng", "yeeng3", "yeep1", "yeet1", "yeet5", "yeeu", "yeeu1", "yeeu3", "ynh", "ynh1", "ynh2", "ynh3", "yp5", "yt1", "yt5", "yu1"], "version": "2.0.6", "architecture": "gmm-hmm", "train_date": "2025-10-06 05:24:44.424562", "training": {"audio_duration": 89100.95, "num_speakers": 1, "num_utterances": 14754, "num_oovs": 0, "average_log_likelihood": -0.008320563980273098}, "dictionaries": {"names": ["vi-new-lexicon"], "default": "vi-new-lexicon", "silence_word": "<eps>", "use_g2p": false, "oov_word": "<unk>", "bracketed_word": "[bracketed]", "laughter_word": "[laughter]", "position_dependent_phones": true, "clitic_marker": "'"}, "features": {"type": "mfcc", "use_energy": false, "frame_shift": 10, "frame_length": 25, "snip_edges": true, "low_frequency": 20, "high_frequency": 7800, "sample_frequency": 16000, "allow_downsample": true, "allow_upsample": true, "uses_cmvn": true, "uses_deltas": true, "uses_voiced": false, "uses_splices": false, "uses_speaker_adaptation": true, "use_pitch": false, "min_f0": 50, "max_f0": 500, "delta_pitch": 0.005, "penalty_factor": 0.1}, "oov_phone": "spn", "optional_silence_phone": "sil", "phone_set_type": "UNKNOWN", "silence_probability": 0.25954754158607807, "initial_silence_probability": 0.26, "final_silence_correction": 3.46, "final_non_silence_correction": 0.05}